,,"1=dry, 2=wet,no toads,no non-natives 3=wet, toads, no non-natives 4=no toads, non-natives 5=toads, non-natives",,,,,,,,,,,,,,,,,,,,,,,,,,,,,,
,,"Non-natives= Bullfrogs, Crayfish & Predatory Fish",,,,,,,,,,,,,,,,,,,,,,,,,,,,,,
,,,,,2003,,,,2004,,,,2005,,,,2006,,,,2007,,,,2008,,,,2009,,,
SiteBlock,SubSiteName,BlockSite,Scheduled Survey Year,Permanent?,1,2,3,4,5,6,7,8,9,10,11,12,13,14,15,16,17,18,19,20,21,22,23,24,25,26,27,28
1,A,1A,Year 2,1,-,-,-,-,4,-,-,-,-,-,-,-,-,-,-,-,-,-,-,-,-,-,-,-,2,2,-,-
1,B,1B,Permanent,1,4,2,-,-,2,2,-,-,5,4,-,-,2,4,-,-,2,4,2,-,2,2,-,-,2,2,-,-
1,C,1C,Year 5,1,-,-,-,-,-,-,-,-,-,-,-,-,-,-,-,-,4,-,2,2,-,-,-,-,-,-,-,-
1,D,1D,Year 4,1,-,-,-,-,-,-,-,-,-,-,-,-,2,4,-,-,-,-,-,-,-,-,-,-,-,-,-,-
1,E,1E,Year 3,1,-,-,-,-,-,-,-,-,3,-,-,-,-,-,-,-,-,-,-,-,-,-,-,-,-,-,-,-
1,F,1F,Year 1,1,2,-,-,-,-,-,-,-,-,-,-,-,-,-,-,-,-,-,-,-,4,-,-,-,-,-,-,-
2,A,2A,Year 1,1,-,-,-,-,-,-,-,-,-,-,-,-,-,-,-,-,-,-,-,-,-,-,-,-,-,-,-,-
2,B,2B,Year 5,1,-,-,-,-,-,-,-,-,-,-,-,-,-,-,-,-,4,4,4,-,-,-,-,-,-,-,-,-
2,C,2C,Permanent,1,-,-,-,-,-,-,-,-,3,2,-,-,2,4,-,-,4,4,4,-,-,-,-,-,4,4,-,-
2,D,2D,Year 3,1,-,-,-,-,-,-,-,-,3,-,-,-,-,-,-,-,-,-,-,-,-,-,-,-,-,-,-,-
2,E,2E,Year 4,1,-,-,-,-,-,-,-,-,-,-,-,-,2,2,-,-,-,-,-,-,-,-,-,-,-,-,-,-
2,F,2F,Year 2,1,-,-,-,-,-,-,-,-,-,-,-,-,-,-,-,-,-,-,-,-,-,-,-,-,3,-,-,-
3,A,3A,Year 2,1,-,-,-,-,-,-,-,-,-,-,-,-,-,-,-,-,-,-,-,-,-,-,-,-,3,-,-,-
3,B,3B,Year 1,1,-,-,-,-,-,-,-,-,-,-,-,-,-,-,-,-,-,-,-,-,-,-,-,-,-,-,-,-
3,C,3C,Permanent,1,-,-,-,-,-,-,-,-,3,3,-,-,2,4,-,-,2,2,4,-,-,-,-,-,3,3,-,-
3,D,3D,Year 5,1,-,-,-,-,-,-,-,-,-,-,-,-,-,-,-,-,5,2,-,-,-,-,-,-,-,-,-,-
3,E,3E,Year 3,1,-,-,-,-,-,-,-,-,3,-,-,-,-,-,-,-,-,-,-,-,-,-,-,-,-,-,-,-
3,F,3F,Year 4,1,-,-,-,-,-,-,-,-,-,-,-,-,2,4,-,-,-,-,-,-,-,-,-,-,-,-,-,-
4,A,4A,Year 4,1,-,-,-,-,-,-,-,-,-,-,-,-,2,4,-,-,-,-,-,-,-,-,-,-,-,-,-,-
4,B,4B,Year 3,1,-,-,-,-,-,-,-,-,3,-,-,-,-,-,-,-,-,-,-,-,-,-,-,-,-,-,-,-
4,C,4C,Year 2,1,-,-,-,-,4,-,-,-,-,-,-,-,-,-,-,-,-,-,-,-,-,-,-,-,3,3,-,-
4,D,4D,Year 1,1,3,-,-,-,-,-,-,-,-,-,-,-,-,-,-,-,-,-,-,-,5,5,-,-,-,-,-,-
4,E,4E,Year 5,1,-,-,-,-,-,-,-,-,-,-,-,-,-,-,-,-,3,-,-,-,-,-,-,-,-,-,-,-
4,F,4F,Permanent,1,5,-,-,-,3,-,-,-,3,5,-,-,3,3,-,-,3,3,-,-,3,3,-,-,3,-,-,-
5,A,5A,Year 5,1,-,-,-,-,-,-,-,-,-,-,-,-,-,-,-,-,3,-,-,-,-,-,-,-,-,-,-,-
5,B,5B,Year 2,1,-,-,-,-,3,-,-,-,-,-,-,-,-,-,-,-,-,-,-,-,-,-,-,-,3,-,-,-
5,C,5C,Year 1,1,3,-,-,-,-,-,-,-,-,-,-,-,-,-,-,-,-,-,-,-,3,-,-,-,-,-,-,-
5,D,5D,Year 3,1,-,-,-,-,-,-,-,-,5,-,-,-,-,-,-,-,-,-,-,-,-,-,-,-,-,-,-,-
5,E,5E,Permanent,1,3,-,-,-,3,-,-,-,5,3,-,-,3,5,-,-,3,2,-,-,4,-,-,-,3,3,-,-
5,F,5F,Year 4,1,-,-,-,-,-,-,-,-,-,-,-,-,3,-,-,-,-,-,-,-,3,-,-,-,-,-,-,-
6,A,6A,Year 4,1,-,-,-,-,-,-,-,-,-,-,-,-,3,-,-,-,-,-,-,-,-,-,-,-,-,-,-,-
6,B,6B,Year 5,1,-,-,-,-,-,-,-,-,-,-,-,-,-,-,-,-,5,-,-,-,-,-,-,-,-,-,-,-
6,C,6C,Year 3,1,-,-,-,-,-,-,-,-,3,-,-,-,-,-,-,-,-,-,-,-,-,-,-,-,-,-,-,-
6,D,6D,Year 2,1,-,-,-,-,5,5,-,-,-,-,-,-,-,-,-,-,-,-,-,-,-,-,-,-,3,-,-,-
6,E,6E,Permanent,1,2,3,5,5,5,3,3,3,3,3,5,3,3,5,3,3,3,3,3,-,3,3,3,3,3,3,3,3
6,F,6F,Year 1,1,4,3,5,5,-,-,-,-,-,-,-,-,-,-,-,-,-,-,-,-,3,-,-,-,-,-,-,-
7,A,7A,Permanent,1,2,3,-,-,3,3,3,-,3,3,-,-,3,3,-,-,3,3,-,-,5,3,-,-,3,5,-,-
7,B,7B,Year 3,1,-,-,-,-,-,-,-,-,3,-,-,-,-,-,-,-,-,-,-,-,-,-,-,-,-,-,-,-
7,C,7C,Year 4,1,-,-,-,-,-,-,-,-,-,-,-,-,3,-,-,-,-,-,-,-,-,-,-,-,-,-,-,-
7,D,7D,Year 1,1,5,-,-,-,-,-,-,-,-,-,-,-,-,-,-,-,-,-,-,-,3,-,-,-,-,-,-,-
7,E,7E,Year 5,1,-,-,-,-,-,-,-,-,-,-,-,-,-,-,-,-,3,2,-,-,-,-,-,-,-,-,-,-
7,F,7F,Year 2,1,-,-,-,-,3,3,3,-,-,-,-,-,-,-,-,-,-,-,-,-,-,-,-,-,3,-,-,-
8,A,8A,Year 5,1,-,-,-,-,-,-,-,-,-,-,-,-,-,-,-,-,3,-,-,-,-,-,-,-,-,-,-,-
8,B,8B,Year 3,1,-,-,-,-,-,-,-,-,5,-,-,-,-,-,-,-,-,-,-,-,-,-,-,-,-,-,-,-
8,C,8C,Year 4,1,-,-,-,-,-,-,-,-,-,-,-,-,3,4,-,-,-,-,-,-,-,-,-,-,-,-,-,-
8,D,8D,Year 1,1,3,-,-,-,-,-,-,-,-,-,-,-,-,-,-,-,-,-,-,-,3,-,-,-,-,-,-,-
8,E,8E,Year 2,1,-,-,-,-,5,-,-,-,-,-,-,-,-,-,-,-,-,-,-,-,-,-,-,-,3,-,-,-
8,F,8F,Permanent,1,5,-,-,-,3,3,3,-,3,5,-,-,4,5,-,-,4,4,4,-,3,5,-,-,3,2,2,-
9,A,9A,Year 2,1,-,-,-,-,5,5,5,-,-,-,-,-,-,-,-,-,-,-,-,-,-,-,-,-,3,5,-,-
9,B,9B,Year 1,1,4,3,-,-,-,-,-,-,-,-,-,-,-,-,-,-,-,-,-,-,5,-,-,-,-,-,-,-
9,C,9C,Year 3,1,-,-,-,-,-,-,-,-,3,-,-,-,-,-,-,-,-,-,-,-,-,-,-,-,-,-,-,-
9,D,9D,Year 4,1,-,-,-,-,-,-,-,-,-,-,-,-,3,-,-,-,-,-,-,-,-,-,-,-,-,-,-,-
9,E,9E,Permanent,1,3,-,-,-,5,5,-,-,3,3,-,-,2,5,-,-,3,5,4,-,3,3,-,-,5,5,-,-
9,F,9F,Year 5,1,-,-,-,-,-,-,-,-,-,-,-,-,-,-,-,-,3,4,-,-,-,-,-,-,-,-,-,-
10,A,10A,Year 1,1,3,-,-,-,-,-,-,-,-,-,-,-,-,-,-,-,-,-,-,-,3,-,-,-,-,-,-,-
10,B,10B,Permanent,1,2,5,-,-,3,3,4,-,3,3,3,3,2,5,4,4,4,4,4,4,3,3,3,2,3,3,4,-
10,C,10C,Year 3,1,-,-,-,-,-,-,-,-,3,-,-,-,-,-,-,-,-,-,-,-,-,-,-,-,-,-,-,-
10,D,10D,Year 2,1,-,-,-,-,2,4,-,-,-,-,-,-,-,-,-,-,-,-,-,-,-,-,-,-,3,-,-,-
10,E,10E,Year 5,1,-,-,-,-,-,-,-,-,-,-,-,-,-,-,-,-,4,2,4,-,-,-,-,-,-,-,-,-
10,F,10F,Year 4,1,-,-,-,-,-,-,-,-,-,-,-,-,3,-,-,-,-,-,-,-,-,-,-,-,-,-,-,-
11,A,11A,Year 1,1,3,-,-,-,-,-,-,-,-,-,-,-,-,-,-,-,-,-,-,-,3,-,-,-,-,-,-,-
11,B,11B,Year 5,1,-,-,-,-,-,-,-,-,-,-,-,-,-,-,-,-,3,2,-,-,-,-,-,-,-,-,-,-
11,C,11C,Year 3,1,-,-,-,-,-,-,-,-,3,-,-,-,-,-,-,-,-,-,-,-,-,-,-,-,-,-,-,-
11,D,11D,Year 2,1,-,-,-,-,2,5,-,-,-,-,-,-,-,-,-,-,-,-,-,-,-,-,-,-,4,4,-,-
11,E,11E,Permanent,1,3,-,-,-,2,5,-,-,3,3,-,-,3,5,-,-,3,2,-,-,3,3,-,-,2,4,-,-
11,F,11F,Year 4,1,-,-,-,-,-,-,-,-,-,-,-,-,3,-,-,-,-,-,-,-,-,-,-,-,-,-,-,-
12,A,12A,Year 4,1,-,-,-,-,-,-,-,-,-,-,-,-,5,-,-,-,-,-,-,-,3,-,-,-,-,-,-,-
12,B,12B,Year 1,1,3,-,-,-,-,-,-,-,-,-,-,-,-,-,-,-,-,-,-,-,3,-,-,-,-,-,-,-
12,C,12C,Permanent,1,3,-,-,-,3,3,-,-,3,3,-,-,5,5,-,-,2,2,2,-,3,4,-,-,3,3,-,-
12,D,12D,Year 2,1,-,-,-,-,2,4,-,-,-,-,-,-,-,-,-,-,-,-,-,-,-,-,-,-,5,-,-,-
12,E,12E,Year 3,1,-,-,-,-,-,-,-,-,3,-,-,-,-,-,-,-,-,-,-,-,-,-,-,-,-,-,-,-
12,F,12F,Year 5,1,-,-,-,-,-,-,-,-,-,-,-,-,-,-,-,-,2,2,2,-,-,-,-,-,-,-,-,-
13,A,13A,Year 1,1,4,3,4,-,-,-,-,-,-,-,-,-,-,-,-,-,-,-,-,-,3,-,-,-,-,-,-,-
13,B,13B,Year 4,1,-,-,-,-,-,-,-,-,-,-,-,-,5,-,-,-,-,-,-,-,-,-,-,-,-,-,-,-
13,C,13C,Year 2,1,-,-,-,-,5,4,-,-,-,-,-,-,-,-,-,-,-,-,-,-,-,-,-,-,5,-,-,-
13,D,13D,Permanent,1,4,4,2,-,3,5,4,-,5,5,3,4,3,3,4,-,4,4,4,5,3,5,4,4,5,5,5,-
13,E,13E,Year 5,1,-,-,-,-,-,-,-,-,-,-,-,-,-,-,-,-,4,4,2,-,-,-,-,-,-,-,-,-
13,F,13F,Year 3,1,-,-,-,-,-,-,-,-,3,-,-,-,-,-,-,-,-,-,-,-,-,-,-,-,-,-,-,-
14,A,14A,Year 4,1,-,-,-,-,-,-,-,-,-,-,-,-,3,-,-,-,-,-,-,-,-,-,-,-,-,-,-,-
14,B,14B,Year 3,1,-,-,-,-,-,-,-,-,3,-,-,-,-,-,-,-,-,-,-,-,-,-,-,-,-,-,-,-
14,C,14C,Year 2,1,-,-,-,-,5,3,-,-,-,-,-,-,-,-,-,-,-,-,-,-,-,-,-,-,5,-,-,-
14,D,14D,Year 5,1,-,-,-,-,-,-,-,-,-,-,-,-,-,-,-,-,2,4,4,-,-,-,-,-,-,-,-,-
14,E,14E,Year 1,1,5,-,-,-,-,-,-,-,-,-,-,-,-,-,-,-,-,-,-,-,3,-,-,-,3,-,-,-
14,F,14F,Permanent,1,5,-,-,-,2,3,-,-,5,5,-,-,5,3,-,-,4,4,2,-,5,3,-,-,3,-,-,-
15,A,15A,Year 2,1,-,-,-,-,4,5,-,-,-,-,-,-,-,-,-,-,-,-,-,-,-,-,-,-,3,-,-,-
15,B,15B,Year 5,1,-,-,-,-,-,-,-,-,-,-,-,-,-,-,-,-,4,2,2,-,-,-,-,-,-,-,-,-
15,C,15C,Permanent,1,3,-,-,-,3,2,-,-,3,5,-,-,3,3,-,-,4,4,4,-,5,3,-,-,3,3,-,-
15,D,15D,Year 1,1,3,-,-,-,-,-,-,-,-,-,-,-,-,-,-,-,-,-,-,-,3,-,-,-,-,-,-,-
15,E,15E,Year 4,1,-,-,-,-,-,-,-,-,-,-,-,-,3,-,-,-,-,-,-,-,-,-,-,-,-,-,-,-
15,F,15F,Year 3,1,-,-,-,-,-,-,-,-,3,-,-,-,-,-,-,-,-,-,-,-,-,-,-,-,-,-,-,-
16,A,16A,Year 2,1,-,-,-,-,4,4,-,-,-,-,-,-,-,-,-,-,-,-,-,-,-,-,-,-,3,-,-,-
16,B,16B,Year 5,1,-,-,-,-,-,-,-,-,-,-,-,-,-,-,-,-,2,2,2,-,-,-,-,-,-,-,-,-
16,C,16C,Permanent,1,5,-,-,-,4,5,-,-,3,5,-,-,3,5,-,-,2,2,2,-,3,3,-,-,3,3,-,-
16,D,16D,Year 4,1,-,-,-,-,-,-,-,-,-,-,-,-,3,-,-,-,-,-,-,-,-,-,-,-,-,-,-,-
16,E,16E,Year 3,1,-,-,-,-,-,-,-,-,3,-,-,-,-,-,-,-,-,-,-,-,-,-,-,-,-,-,-,-
16,F,16F,Year 1,1,4,4,-,-,-,-,-,-,-,-,-,-,-,-,-,-,-,-,-,-,3,-,-,-,-,-,-,-
17,A,17A,Year 5,1,-,-,-,-,-,-,-,-,-,-,-,-,-,-,-,-,2,4,4,-,-,-,-,-,-,-,-,-
17,B,17B,Year 1,1,2,2,-,-,-,-,-,-,-,-,-,-,-,-,-,-,-,-,-,-,3,-,-,-,-,-,-,-
17,C,17C,Year 4,1,-,-,-,-,-,-,-,-,-,-,-,-,3,-,-,-,-,-,-,-,-,-,-,-,-,-,-,-
17,D,17D,Permanent,1,3,-,-,-,4,4,-,-,5,3,-,-,5,3,-,-,3,3,4,-,3,2,-,-,3,5,-,-
17,E,17E,Year 3,1,-,-,-,-,-,-,-,-,3,-,-,-,-,-,-,-,-,-,-,-,-,-,-,-,-,-,-,-
17,F,17F,Year 2,1,-,-,-,-,4,5,-,-,-,-,-,-,-,-,-,-,-,-,-,-,-,-,-,-,4,2,-,-
18,A,18A,Year 4,1,-,-,-,-,-,-,-,-,-,-,-,-,2,3,-,-,-,-,-,-,-,-,-,-,-,-,-,-
18,B,18B,Year 2,1,-,-,-,-,4,4,-,-,-,-,-,-,-,-,-,-,-,-,-,-,-,-,-,-,4,-,-,-
18,C,18C,Permanent,1,4,5,-,-,4,4,4,4,2,3,5,5,2,2,2,4,2,2,4,4,4,5,3,3,4,5,-,-
18,D,18D,Year 5,1,-,-,-,-,-,-,-,-,-,-,-,-,-,-,-,-,4,4,-,-,-,-,-,-,2,-,-,-
18,E,18E,Year 1,1,3,-,-,-,-,-,-,-,-,-,-,-,-,-,-,-,-,-,-,-,3,-,-,-,-,-,-,-
18,F,18F,Year 3,1,-,-,-,-,-,-,-,-,3,-,-,-,-,-,-,-,-,-,-,-,-,-,-,-,-,-,-,-
19,A,19A,Year 4,1,-,-,-,-,-,-,-,-,-,-,-,-,2,2,-,-,-,-,-,-,-,-,-,-,-,-,-,-
19,B,19B,Year 5,1,-,-,-,-,-,-,-,-,-,-,-,-,-,-,-,-,4,4,-,-,-,-,-,-,-,-,-,-
19,C,19C,Year 2,1,-,-,-,-,4,5,-,-,-,-,-,-,-,-,-,-,-,-,-,-,-,-,-,-,5,-,-,-
19,D,19D,Permanent,1,4,4,-,-,4,4,-,-,3,5,-,-,5,5,-,-,4,2,-,-,3,4,-,-,4,5,-,-
19,E,19E,Year 1,1,2,3,-,-,-,-,-,-,-,-,-,-,-,-,-,-,-,-,-,-,3,5,-,-,-,-,-,-
19,F,19F,Year 3,1,-,-,-,-,-,-,-,-,4,3,-,-,-,-,-,-,-,-,-,-,-,-,-,-,-,-,-,-
20,A,20A,Year 3,1,-,-,-,-,-,-,-,-,4,2,-,-,-,-,-,-,-,-,-,-,-,-,-,-,-,-,-,-
20,B,20B,Permanent,1,2,4,-,-,4,-,-,-,4,5,-,-,5,5,-,-,4,4,-,-,3,4,-,-,5,5,-,-
20,C,20C,Year 1,1,2,4,-,-,-,-,-,-,-,-,-,-,-,-,-,-,-,-,-,-,3,-,-,-,-,-,-,-
20,D,20D,Year 2,1,-,-,-,-,4,4,-,-,-,-,-,-,-,-,-,-,-,-,-,-,-,-,-,-,5,-,-,-
20,E,20E,Year 5,1,-,-,-,-,-,-,-,-,-,-,-,-,-,-,-,-,2,5,-,-,-,-,-,-,-,-,-,-
20,F,20F,Year 4,1,-,-,-,-,-,-,-,-,-,-,-,-,-,-,-,-,-,-,-,-,-,-,-,-,-,-,-,-
21,A,21A,Year 1,1,3,-,-,-,-,-,-,-,-,-,-,-,-,-,-,-,-,-,-,-,1,-,-,-,-,-,-,-
21,B,21B,Permanent,1,3,-,-,-,1,-,-,-,3,3,-,-,1,-,-,-,1,-,-,-,1,-,-,-,1,-,-,-
21,C,21C,Year 4,1,-,-,-,-,-,-,-,-,-,-,-,-,2,-,-,-,-,-,-,-,-,-,-,-,-,-,-,-
21,D,21D,Year 3,1,-,-,-,-,-,-,-,-,3,-,-,-,-,-,-,-,-,-,-,-,-,-,-,-,-,-,-,-
21,E,21E,Year 2,1,-,-,-,-,3,3,-,-,-,-,-,-,-,-,-,-,-,-,-,-,-,-,-,-,1,-,-,-
21,F,21F,Year 5,1,-,-,-,-,-,-,-,-,-,-,-,-,-,-,-,-,1,-,-,-,-,-,-,-,-,-,-,-
22,A,22A,Year 1,1,3,-,-,-,-,-,-,-,-,-,-,-,-,-,-,-,-,-,-,-,3,-,-,-,-,-,-,-
22,B,22B,Year 3,1,-,-,-,-,-,-,-,-,3,-,-,-,-,-,-,-,-,-,-,-,-,-,-,-,-,-,-,-
22,C,22C,Year 5,1,-,-,-,-,-,-,-,-,-,-,-,-,-,-,-,-,1,-,-,-,-,-,-,-,-,-,-,-
22,D,22D,Year 4,1,-,-,-,-,-,-,-,-,-,-,-,-,3,2,-,-,-,-,-,-,-,-,-,-,-,-,-,-
22,E,22E,Permanent,1,3,-,-,-,3,3,-,-,3,3,-,-,3,3,-,-,1,-,-,-,3,2,-,-,2,2,-,-
22,F,22F,Year 2,1,-,-,-,-,3,2,-,-,-,-,-,-,-,-,-,-,-,-,-,-,-,-,-,-,3,3,-,-
23,A,23A,Year 5,1,-,-,-,-,-,-,-,-,-,-,-,-,-,-,-,-,1,-,-,-,-,-,-,-,-,-,-,-
23,B,23B,Year 2,1,-,-,-,-,3,-,-,-,-,-,-,-,-,-,-,-,-,-,-,-,-,-,-,-,1,-,-,-
23,C,23C,Year 4,1,-,-,-,-,-,-,-,-,-,-,-,-,3,-,-,-,-,-,-,-,-,-,-,-,-,-,-,-
23,D,23D,Permanent,1,3,3,3,3,3,3,-,-,3,3,3,3,3,2,2,-,1,-,-,-,3,3,-,-,3,-,-,-
23,E,23E,Year 1,1,3,3,3,3,-,-,-,-,-,-,-,-,-,-,-,-,-,-,-,-,3,-,-,-,-,-,-,-
23,F,23F,Year 3,1,-,-,-,-,-,-,-,-,3,-,-,-,-,-,-,-,-,-,-,-,-,-,-,-,-,-,-,-
24,A,24A,Year 2,1,-,-,-,-,3,-,-,-,-,-,-,-,-,-,-,-,-,-,-,-,-,-,-,-,3,2,-,-
24,B,24B,Year 1,1,3,-,-,-,-,-,-,-,-,-,-,-,-,-,-,-,-,-,-,-,3,-,-,-,-,-,-,-
24,C,24C,Year 4,1,-,-,-,-,-,-,-,-,-,-,-,-,3,-,-,-,-,-,-,-,-,-,-,-,-,-,-,-
24,D,24D,Permanent,1,3,-,-,-,4,-,-,-,3,3,-,-,3,-,-,-,1,-,-,-,3,-,-,-,3,-,-,-
24,E,24E,Year 3,1,-,-,-,-,-,-,-,-,3,-,-,-,-,-,-,-,-,-,-,-,-,-,-,-,-,-,-,-
24,F,24F,Year 5,1,-,-,-,-,-,-,-,-,-,-,-,-,-,-,-,-,1,-,-,-,-,-,-,-,-,-,-,-
25,A,25A,Year 1,1,3,-,-,-,-,-,-,-,-,-,-,-,-,-,-,-,-,-,-,-,2,3,-,-,-,-,-,-
25,B,25B,Permanent,1,3,-,-,-,3,5,5,3,3,3,3,3,3,4,2,-,1,-,-,-,3,3,3,3,3,3,3,-
25,C,25C,Year 3,1,-,-,-,-,-,-,-,-,3,-,-,-,-,-,-,-,-,-,-,-,-,-,-,-,-,-,-,-
25,D,25D,Year 2,1,-,-,-,-,5,4,-,-,-,-,-,-,-,-,-,-,-,-,-,-,-,-,-,-,3,-,-,-
25,E,25E,Year 4,1,-,-,-,-,-,-,-,-,-,-,-,-,-,-,-,-,-,-,-,-,-,-,-,-,-,-,-,-
25,F,25F,Year 5,1,-,-,-,-,-,-,-,-,-,-,-,-,-,-,-,-,1,-,-,-,-,-,-,-,-,-,-,-
26,A,26A,Year 2,1,-,-,-,-,1,-,-,-,-,-,-,-,-,-,-,-,-,-,-,-,-,-,-,-,1,-,-,-
26,B,26B,Permanent,1,3,2,-,-,1,-,-,-,2,3,-,-,-,2,-,-,1,-,-,-,1,-,-,-,1,-,-,-
26,C,26C,Year 3,1,2,2,-,-,-,-,-,-,3,-,-,-,-,-,-,-,-,-,-,-,-,-,-,-,-,-,-,-
26,D,26D,Year 5,1,-,-,-,-,-,-,-,-,-,-,-,-,-,-,-,-,-,-,-,-,-,-,-,-,-,-,-,-
26,E,26E,Year 4,1,-,-,-,-,-,-,-,-,-,-,-,-,-,-,-,-,-,-,-,-,-,-,-,-,-,-,-,-
26,F,26F,Year 1,1,-,-,-,-,-,-,-,-,-,-,-,-,-,-,-,-,-,-,-,-,-,-,-,-,-,-,-,-
27,A,27A,Year 3,0,-,-,-,-,-,-,-,-,3,-,-,-,-,-,-,-,-,-,-,-,-,-,-,-,-,-,-,-
27,B,27B,Permanent,0,1,-,-,-,1,-,-,-,3,3,-,-,1,-,-,-,1,-,-,-,1,-,-,-,1,-,-,-
27,C,27C,Year 2,0,-,-,-,-,1,-,-,-,-,-,-,-,-,-,-,-,-,-,-,-,-,-,-,-,1,-,-,-
27,D,27D,Year 5,0,-,-,-,-,-,-,-,-,-,-,-,-,-,-,-,-,1,-,-,-,-,-,-,-,-,-,-,-
27,E,27E,Year 4,0,-,-,-,-,-,-,-,-,-,-,-,-,1,-,-,-,-,-,-,-,-,-,-,-,-,-,-,-
27,F,27F,Year 1,0,1,-,-,-,-,-,-,-,-,-,-,-,-,-,-,-,-,-,-,-,1,-,-,-,-,-,-,-
28,A,28A,Permanent,0,1,-,-,-,1,-,-,-,3,3,-,-,1,-,-,-,1,-,-,-,1,-,-,-,1,-,-,-
28,B,28B,Year 2,0,-,-,-,-,1,-,-,-,3,-,-,-,-,-,-,-,-,-,-,-,-,-,-,-,1,-,-,-
28,C,28C,Year 2,0,-,-,-,-,1,-,-,-,-,-,-,-,-,-,-,-,-,-,-,-,-,-,-,-,1,-,-,-
28,D,28D,Year 3,0,-,-,-,-,-,-,-,-,-,-,-,-,-,-,-,-,-,-,-,-,-,-,-,-,-,-,-,-
28,E,28E,Year 4,0,1,-,-,-,-,-,-,-,-,-,-,-,1,-,-,-,-,-,-,-,-,-,-,-,-,-,-,-
28,F,28F,Year 5,0,-,-,-,-,-,-,-,-,-,-,-,-,-,-,-,-,1,-,-,-,-,-,-,-,-,-,-,-
29,A,29A,Year 4,0,-,-,-,-,-,-,-,-,-,-,-,-,1,-,-,-,-,-,-,-,-,-,-,-,-,-,-,-
29,B,29B,Year 1,0,1,-,-,-,1,-,-,-,-,-,-,-,-,-,-,-,-,-,-,-,1,-,-,-,-,-,-,-
29,C,29C,Year 2,0,-,-,-,-,1,-,-,-,-,-,-,-,-,-,-,-,-,-,-,-,-,-,-,-,1,-,-,-
29,D,29D,Permanent,0,1,-,-,-,-,-,-,-,3,3,3,3,1,-,-,-,1,-,-,-,1,-,-,-,1,-,-,-
29,E,29E,Year 5,0,-,-,-,-,-,-,-,-,-,-,-,-,-,-,-,-,1,-,-,-,-,-,-,-,-,-,-,-
29,F,29F,Year 3,0,-,-,-,-,-,-,-,-,3,-,-,-,-,-,-,-,-,-,-,-,-,-,-,-,-,-,-,-
30,A,30A,Year 3,0,-,-,-,-,-,-,-,-,3,-,-,-,-,-,-,-,-,-,-,-,-,-,-,-,-,-,-,-
30,B,30B,Permanent,0,1,-,-,-,1,-,-,-,3,3,3,-,1,-,-,-,1,-,-,-,1,-,-,-,1,-,-,-
30,C,30C,Year 5,0,-,-,-,-,-,-,-,-,-,-,-,-,-,-,-,-,1,-,-,-,-,-,-,-,-,-,-,-
30,D,30D,Year 4,0,-,-,-,-,-,-,-,-,-,-,-,-,1,-,-,-,-,-,-,-,-,-,-,-,-,-,-,-
30,E,30E,Year 2,0,3,-,-,-,-,-,-,-,-,-,-,-,-,-,-,-,-,-,-,-,-,-,-,-,1,-,-,-
30,F,30F,Year 1,0,-,-,-,-,1,-,-,-,-,-,-,-,-,-,-,-,-,-,-,-,1,-,-,-,-,-,-,-
31,A,31A,Year 4,0,-,-,-,-,-,-,-,-,-,-,-,-,1,-,-,-,-,-,-,-,-,-,-,-,-,-,-,-
31,B,31B,Year 2,0,-,-,-,-,1,-,-,-,-,-,-,-,-,-,-,-,-,-,-,-,-,-,-,-,1,-,-,-
31,C,31C,Year 3,0,-,-,-,-,-,-,-,-,3,-,-,-,-,-,-,-,-,-,-,-,-,-,-,-,-,-,-,-
31,D,31D,Year 5,0,-,-,-,-,-,-,-,-,-,-,-,-,-,-,-,-,1,-,-,-,-,-,-,-,-,-,-,-
31,E,31E,Year 1,0,3,-,-,-,-,-,-,-,-,-,-,-,-,-,-,-,-,-,-,-,3,3,-,-,-,-,-,-
31,F,31F,Permanent,0,3,-,-,-,1,-,-,-,3,3,-,-,1,-,-,-,1,-,-,-,3,2,-,-,1,-,-,-
32,A,32A,Permanent,0,3,3,3,3,1,-,-,-,3,3,3,3,1,-,-,-,1,-,-,-,3,3,3,-,1,-,-,-
32,B,32B,Year 3,0,-,-,-,-,-,-,-,-,3,-,-,-,-,-,-,-,-,-,-,-,-,-,-,-,-,-,-,-
32,C,32C,Year 2,0,-,-,-,-,1,-,-,-,-,-,-,-,-,-,-,-,-,-,-,-,-,-,-,-,1,-,-,-
32,D,32D,Year 5,0,-,-,-,-,-,-,-,-,-,-,-,-,-,-,-,-,1,-,-,-,-,-,-,-,-,-,-,-
32,E,32E,Year 4,0,-,-,-,-,-,-,-,-,-,-,-,-,2,2,-,-,-,-,-,-,-,-,-,-,-,-,-,-
32,F,32F,Year 1,0,3,3,3,3,-,-,-,-,-,-,-,-,-,-,-,-,-,-,-,-,3,-,-,-,-,-,-,-
33,A,33A,Year 3,0,-,-,-,-,-,-,-,-,3,-,-,-,-,-,-,-,-,-,-,-,-,-,-,-,-,-,-,-
33,B,33B,Year 4,0,-,-,-,-,-,-,-,-,-,-,-,-,2,-,-,-,-,-,-,-,-,-,-,-,-,-,-,-
33,C,33C,Permanent,0,3,-,-,-,1,-,-,-,3,3,-,-,2,-,-,-,1,-,-,-,1,-,-,-,1,-,-,-
33,D,33D,Year 5,0,-,-,-,-,-,-,-,-,-,-,-,-,-,-,-,-,1,-,-,-,-,-,-,-,-,-,-,-
33,E,33E,Year 1,0,3,-,-,-,-,-,-,-,-,-,-,-,-,-,-,-,-,-,-,-,1,-,-,-,-,-,-,-
33,F,33F,Year 2,0,-,-,-,-,1,-,-,-,-,-,-,-,-,-,-,-,-,-,-,-,-,-,-,-,1,-,-,-
34,A,34A,Year 3,0,-,-,-,-,-,-,-,-,3,-,-,-,-,-,-,-,-,-,-,-,-,-,-,-,-,-,-,-
34,B,34B,Year 2,0,-,-,-,-,1,-,-,-,-,-,-,-,-,-,-,-,-,-,-,-,-,-,-,-,1,-,-,-
34,C,34C,Permanent,0,3,-,-,-,1,-,-,-,2,3,3,3,2,-,-,-,1,-,-,-,2,-,-,-,1,-,-,-
34,D,34D,Year 5,0,-,-,-,-,-,-,-,-,-,-,-,-,-,-,-,-,1,-,-,-,-,-,-,-,-,-,-,-
34,E,34E,Year 4,0,-,-,-,-,-,-,-,-,-,-,-,-,2,-,-,-,-,-,-,-,-,-,-,-,-,-,-,-
34,F,34F,Year 1,0,1,-,-,-,-,-,-,-,-,-,-,-,-,-,-,-,-,-,-,-,-,-,-,-,-,-,-,-
35,A,35A,Year 1,0,1,-,-,-,-,-,-,-,-,-,-,-,-,-,-,-,-,-,-,-,-,-,-,-,-,-,-,-
35,B,35B,Year 5,0,-,-,-,-,-,-,-,-,-,-,-,-,-,-,-,-,1,-,-,-,-,-,-,-,-,-,-,-
35,C,35C,Year 3,0,-,-,-,-,-,-,-,-,-,-,-,-,-,-,-,-,-,-,-,-,-,-,-,-,-,-,-,-
35,D,35D,Permanent,0,2,-,-,-,1,-,-,-,-,-,-,-,-,-,-,-,1,-,-,-,-,-,-,-,1,-,-,-
35,E,35E,Year 4,0,-,-,-,-,-,-,-,-,-,-,-,-,-,-,-,-,-,-,-,-,-,-,-,-,-,-,-,-
35,F,35F,Year 2,0,-,-,-,-,1,-,-,-,-,-,-,-,-,-,-,-,-,-,-,-,-,-,-,-,1,-,-,-
36,A,36A,Year 1,0,1,-,-,-,-,-,-,-,-,-,-,-,-,-,-,-,-,-,-,-,2,2,-,-,-,-,-,-
36,B,36B,Permanent,0,1,-,-,-,1,-,-,-,2,2,-,-,1,-,-,-,1,-,-,-,2,2,-,-,1,-,-,-
36,C,36C,Year 3,0,-,-,-,-,-,-,-,-,2,2,-,-,-,-,-,-,-,-,-,-,-,-,-,-,-,-,-,-
36,D,36D,Year 4,0,-,-,-,-,-,-,-,-,-,-,-,-,1,-,-,-,-,-,-,-,-,-,-,-,-,-,-,-
36,E,36E,Year 5,0,-,-,-,-,-,-,-,-,-,-,-,-,-,-,-,-,1,-,-,-,-,-,-,-,-,-,-,-
36,F,36F,Year 2,0,-,-,-,-,1,-,-,-,-,-,-,-,-,-,-,-,-,-,-,-,-,-,-,-,1,-,-,-
37,A,37A,Year 5,0,-,-,-,-,-,-,-,-,-,-,-,-,-,-,-,-,1,-,-,-,-,-,-,-,-,-,-,-
37,B,37B,Year 4,0,-,-,-,-,-,-,-,-,-,-,-,-,1,-,-,-,-,-,-,-,-,-,-,-,-,-,-,-
37,C,37C,Permanent,0,3,-,-,-,1,-,-,-,3,3,-,-,1,-,-,-,1,-,-,-,1,-,-,-,1,-,-,-
37,D,37D,Year 1,0,3,-,-,-,-,-,-,-,-,-,-,-,-,-,-,-,-,-,-,-,1,-,-,-,-,-,-,-
37,E,37E,Year 2,0,-,-,-,-,1,-,-,-,-,-,-,-,-,-,-,-,-,-,-,-,-,-,-,-,1,-,-,-
37,F,37F,Year 3,0,-,-,-,-,-,-,-,-,3,-,-,-,-,-,-,-,-,-,-,-,-,-,-,-,-,-,-,-
38,A,38A,Permanent,0,1,-,-,-,1,-,-,-,3,3,-,-,1,-,-,-,1,-,-,-,1,-,-,-,1,-,-,-
38,B,38B,Year 5,0,-,-,-,-,-,-,-,-,-,-,-,-,-,-,-,-,1,-,-,-,-,-,-,-,-,-,-,-
38,C,38C,Year 1,0,1,-,-,-,-,-,-,-,-,-,-,-,-,-,-,-,-,-,-,-,1,-,-,-,-,-,-,-
38,D,38D,Year 2,0,-,-,-,-,1,-,-,-,-,-,-,-,-,-,-,-,-,-,-,-,-,-,-,-,1,-,-,-
38,E,38E,Year 3,0,-,-,-,-,-,-,-,-,3,2,-,-,-,-,-,-,-,-,-,-,-,-,-,-,-,-,-,-
38,F,38F,Year 4,0,-,-,-,-,-,-,-,-,-,-,-,-,1,-,-,-,-,-,-,-,-,-,-,-,-,-,-,-
39,A,39A,Year 4,0,-,-,-,-,-,-,-,-,-,-,-,-,1,-,-,-,-,-,-,-,-,-,-,-,-,-,-,-
39,B,39B,Year 5,0,-,-,-,-,-,-,-,-,-,-,-,-,-,-,-,-,1,-,-,-,-,-,-,-,-,-,-,-
39,C,39C,Year 2,0,-,-,-,-,1,-,-,-,-,-,-,-,-,-,-,-,-,-,-,-,-,-,-,-,1,-,-,-
39,D,39D,Year 3,0,-,-,-,-,-,-,-,-,3,-,-,-,-,-,-,-,-,-,-,-,-,-,-,-,-,-,-,-
39,E,39E,Year 1,0,1,-,-,-,-,-,-,-,-,-,-,-,-,-,-,-,-,-,-,-,1,-,-,-,-,-,-,-
39,F,39F,Permanent,0,1,-,-,-,1,-,-,-,3,3,-,-,1,-,-,-,1,-,-,-,1,-,-,-,1,-,-,-
40,A,40A,Year 5,0,-,-,-,-,-,-,-,-,-,-,-,-,-,-,-,-,1,-,-,-,-,-,-,-,-,-,-,-
40,B,40B,Year 1,0,3,-,-,-,-,-,-,-,-,-,-,-,-,-,-,-,-,-,-,-,1,-,-,-,-,-,-,-
40,C,40C,Year 4,0,-,-,-,-,-,-,-,-,-,-,-,-,4,2,-,-,-,-,-,-,-,-,-,-,-,-,-,-
40,D,40D,Year 2,0,-,-,-,-,1,-,-,-,-,-,-,-,-,-,-,-,-,-,-,-,-,-,-,-,1,-,-,-
40,E,40E,Permanent,0,3,-,-,-,1,-,-,-,3,3,3,3,1,-,-,-,1,-,-,-,1,-,-,-,1,-,-,-
40,F,40F,Year 3,0,-,-,-,-,-,-,-,-,3,-,-,-,-,-,-,-,-,-,-,-,-,-,-,-,-,-,-,-
41,A,41A,Year 5,0,-,-,-,-,-,-,-,-,-,-,-,-,-,-,-,-,1,-,-,-,-,-,-,-,-,-,-,-
41,B,41B,Year 1,0,3,3,-,-,-,-,-,-,-,-,-,-,-,-,-,-,-,-,-,-,1,-,-,-,-,-,-,-
41,C,41C,Year 3,0,-,-,-,-,-,-,-,-,3,-,-,-,-,-,-,-,-,-,-,-,-,-,-,-,-,-,-,-
41,D,41D,Year 2,0,-,-,-,-,1,-,-,-,-,-,-,-,-,-,-,-,-,-,-,-,-,-,-,-,1,-,-,-
41,E,41E,Permanent,0,3,3,-,-,1,-,-,-,3,3,-,-,1,-,-,-,1,-,-,-,1,-,-,-,1,-,-,-
41,F,41F,Year 4,0,-,-,-,-,-,-,-,-,-,-,-,-,2,2,-,-,-,-,-,-,-,-,-,-,-,-,-,-
42,A,42A,Permanent,0,3,3,-,-,1,-,-,-,3,3,-,-,4,4,-,-,1,-,-,-,3,2,-,-,1,-,-,-
42,B,42B,Year 5,0,-,-,-,-,-,-,-,-,-,-,-,-,-,-,-,-,1,-,-,-,-,-,-,-,-,-,-,-
42,C,42C,Year 2,0,-,-,-,-,1,-,-,-,-,-,-,-,-,-,-,-,-,-,-,-,-,-,-,-,1,-,-,-
42,D,42D,Year 3,0,-,-,-,-,-,-,-,-,3,-,-,-,-,-,-,-,-,-,-,-,-,-,-,-,-,-,-,-
42,E,42E,Year 1,0,3,-,-,-,-,-,-,-,-,-,-,-,-,-,-,-,-,-,-,-,3,-,-,-,-,-,-,-
42,F,42F,Year 4,0,-,-,-,-,-,-,-,-,-,-,-,-,5,3,-,-,-,-,-,-,-,-,-,-,-,-,-,-
43,A,43A,Year 2,0,-,-,-,-,1,-,-,-,-,-,-,-,-,-,-,-,-,-,-,-,-,-,-,-,1,-,-,-
43,B,43B,Year 4,0,-,-,-,-,-,-,-,-,-,-,-,-,2,-,-,-,-,-,-,-,-,-,-,-,-,-,-,-
43,C,43C,Year 3,0,-,-,-,-,-,-,-,-,3,-,-,-,-,-,-,-,-,-,-,-,-,-,-,-,-,-,-,-
43,D,43D,Permanent,0,3,-,-,-,1,-,-,-,3,3,3,3,2,2,2,2,1,-,-,-,3,3,3,3,1,-,-,-
43,E,43E,Year 5,0,-,-,-,-,-,-,-,-,-,-,-,-,-,-,-,-,1,-,-,-,-,-,-,-,-,-,-,-
43,F,43F,Year 1,0,3,-,-,-,-,-,-,-,-,-,-,-,-,-,-,-,-,-,-,-,3,-,-,-,-,-,-,-
44,A,44A,Permanent,0,5,3,3,3,1,-,-,-,3,3,3,3,2,2,2,-,1,-,-,-,3,3,-,-,1,-,-,-
44,B,44B,Year 4,0,-,-,-,-,-,-,-,-,-,-,-,-,2,5,-,-,-,-,-,-,-,-,-,-,-,-,-,-
44,C,44C,Year 3,0,-,-,-,-,-,-,-,-,3,-,-,-,-,-,-,-,-,-,-,-,-,-,-,-,-,-,-,-
44,D,44D,Year 5,0,-,-,-,-,-,-,-,-,-,-,-,-,-,-,-,-,1,-,-,-,-,-,-,-,-,-,-,-
44,E,44E,Year 2,0,-,-,-,-,1,-,-,-,-,-,-,-,-,-,-,-,-,-,-,-,-,-,-,-,1,-,-,-
44,F,44F,Year 1,0,3,5,3,3,-,-,-,-,-,-,-,-,-,-,-,-,-,-,-,-,2,-,-,-,-,-,-,-
45,A,45A,Permanent,0,3,-,-,-,1,-,-,-,3,3,-,-,2,2,-,-,1,-,-,-,3,2,-,-,1,-,-,-
45,B,45B,Year 3,0,-,-,-,-,-,-,-,-,3,-,-,-,-,-,-,-,-,-,-,-,-,-,-,-,-,-,-,-
45,C,45C,Year 5,0,-,-,-,-,-,-,-,-,-,-,-,-,-,-,-,-,1,-,-,-,-,-,-,-,-,-,-,-
45,D,45D,Year 4,0,-,-,-,-,-,-,-,-,-,-,-,-,2,2,-,-,-,-,-,-,-,-,-,-,-,-,-,-
45,E,45E,Year 2,0,-,-,-,-,1,-,-,-,-,-,-,-,-,-,-,-,-,-,-,-,-,-,-,-,3,-,-,-
45,F,45F,Year 1,0,3,-,-,-,-,-,-,-,-,-,-,-,2,-,-,-,-,-,-,-,3,4,-,-,-,-,-,-
46,A,46A,Year 4,0,-,-,-,-,-,-,-,-,-,-,-,-,2,4,-,-,-,-,-,-,-,-,-,-,-,-,-,-
46,B,46B,Year 1,0,3,-,-,-,-,-,-,-,-,-,-,-,-,-,-,-,-,-,-,-,2,2,-,-,-,-,-,-
46,C,46C,Year 2,0,-,-,-,-,1,-,-,-,-,-,-,-,-,-,-,-,-,-,-,-,-,-,-,-,2,2,-,-
46,D,46D,Year 3,0,-,-,-,-,-,-,-,-,3,-,-,-,-,-,-,-,-,-,-,-,2,-,-,-,-,-,-,-
46,E,46E,Year 5,0,-,-,-,-,-,-,-,-,-,-,-,-,-,-,-,-,1,-,-,-,-,-,-,-,-,-,-,-
46,F,46F,Permanent,0,3,-,-,-,1,-,-,-,3,3,-,-,2,-,-,-,1,-,-,-,1,-,-,-,1,-,-,-
47,A,47A,Year 5,0,-,-,-,-,-,-,-,-,-,-,-,-,-,-,-,-,1,-,-,-,-,-,-,-,-,-,-,-
47,B,47B,Year 1,0,3,-,-,-,-,-,-,-,-,-,-,-,-,-,-,-,-,-,-,-,1,-,-,-,-,-,-,-
47,C,47C,Year 2,0,-,-,-,-,1,-,-,-,-,-,-,-,-,-,-,-,-,-,-,-,-,-,-,-,1,-,-,-
47,D,47D,Permanent,0,3,-,-,-,1,-,-,-,3,3,3,3,2,4,4,2,1,-,-,-,2,-,-,-,-,-,-,-
47,E,47E,Year 4,0,-,-,-,-,-,-,-,-,-,-,-,-,4,4,-,-,-,-,-,-,-,-,-,-,-,-,-,-
47,F,47F,Year 3,0,-,-,-,-,-,-,-,-,2,-,-,-,-,-,-,-,-,-,-,-,-,-,-,-,-,-,-,-
48,A,48A,Year 1,0,3,-,-,-,-,-,-,-,-,-,-,-,-,-,-,-,-,-,-,-,1,-,-,-,-,-,-,-
48,B,48B,Year 5,0,-,-,-,-,-,-,-,-,-,-,-,-,-,-,-,-,1,-,-,-,-,-,-,-,-,-,-,-
48,C,48C,Permanent,0,3,-,-,-,1,-,-,-,2,-,-,-,2,2,-,-,1,-,-,-,2,-,-,-,2,2,-,-
48,D,48D,Year 4,0,-,-,-,-,-,-,-,-,-,-,-,-,2,2,-,-,-,-,-,-,-,-,-,-,-,-,-,-
48,E,48E,Year 3,0,-,-,-,-,-,-,-,-,3,-,-,-,-,-,-,-,-,-,-,-,-,-,-,-,-,-,-,-
48,F,48F,Year 2,0,-,-,-,-,1,-,-,-,-,-,-,-,-,-,-,-,-,-,-,-,-,-,-,-,2,2,-,-
49,A,49A,Year 4,0,-,-,-,-,-,-,-,-,-,-,-,-,4,4,-,-,-,-,-,-,-,-,-,-,-,-,-,-
49,B,49B,Year 5,0,-,-,-,-,-,-,-,-,-,-,-,-,-,-,-,-,1,-,-,-,-,-,-,-,-,-,-,-
49,C,49C,Year 3,0,-,-,-,-,-,-,-,-,2,-,-,-,-,-,-,-,-,-,-,-,-,-,-,-,1,-,-,-
49,D,49D,Year 2,0,-,-,-,-,1,-,-,-,-,-,-,-,-,-,-,-,-,-,-,-,-,-,-,-,-,-,-,-
49,E,49E,Year 1,0,3,-,-,-,-,-,-,-,-,-,-,-,-,-,-,-,-,-,-,-,1,-,-,-,-,-,-,-
49,F,49F,Permanent,0,3,-,-,-,1,-,-,-,5,-,-,-,5,4,-,-,1,-,-,-,2,-,-,-,2,-,-,-
50,A,50A,Permanent,0,2,3,-,-,2,-,-,-,3,-,-,-,5,4,-,-,1,-,-,-,3,-,-,-,3,4,-,-
50,B,50B,Year 3,0,-,-,-,-,-,-,-,-,4,-,-,-,-,-,-,-,-,-,-,-,-,-,-,-,-,-,-,-
50,C,50C,Year 2,0,-,-,-,-,2,4,-,-,-,-,-,-,-,-,-,-,-,-,-,-,-,-,-,-,2,2,-,-
50,D,50D,,0,-,-,-,-,-,-,-,-,-,-,-,-,-,-,-,-,-,-,-,-,-,-,-,-,-,-,-,-
50,E,50E,,0,-,-,-,-,-,-,-,-,-,-,-,-,-,-,-,-,-,-,-,-,-,-,-,-,-,-,-,-
50,F,50F,,0,-,-,-,-,-,-,-,-,-,-,-,-,-,-,-,-,-,-,-,-,-,-,-,-,-,-,-,-
51,A,51A,Permanent,0,1,-,-,-,1,-,-,-,3,3,-,-,1,-,-,-,1,-,-,-,1,-,-,-,1,-,-,-
51,B,51B,Year 3,0,-,-,-,-,-,-,-,-,3,-,-,-,-,-,-,-,-,-,-,-,-,-,-,-,-,-,-,-
51,C,51C,Year 4,0,-,-,-,-,-,-,-,-,-,-,-,-,1,-,-,-,-,-,-,-,-,-,-,-,-,-,-,-
51,D,51D,Year 2,0,-,-,-,-,1,-,-,-,-,-,-,-,-,-,-,-,-,-,-,-,-,-,-,-,1,-,-,-
51,E,51E,Year 1,0,1,-,-,-,-,-,-,-,-,-,-,-,-,-,-,-,-,-,-,-,1,-,-,-,-,-,-,-
51,F,51F,Year 5,0,-,-,-,-,-,-,-,-,-,-,-,-,-,-,-,-,1,-,-,-,-,-,-,-,-,-,-,-
52,A,52A,Year 2,0,-,-,-,-,1,-,-,-,-,-,-,-,-,-,-,-,-,-,-,-,-,-,-,-,1,-,-,-
52,B,52B,Year 1,0,1,-,-,-,-,-,-,-,-,-,-,-,-,-,-,-,-,-,-,-,1,-,-,-,-,-,-,-
52,C,52C,Year 4,0,-,-,-,-,-,-,-,-,-,-,-,-,1,-,-,-,-,-,-,-,-,-,-,-,-,-,-,-
52,D,52D,Year 5,0,-,-,-,-,-,-,-,-,-,-,-,-,-,-,-,-,1,-,-,-,-,-,-,-,-,-,-,-
52,E,52E,Permanent,0,1,-,-,-,1,-,-,-,3,3,3,3,1,-,-,-,1,-,-,-,1,-,-,-,1,-,-,-
52,F,52F,Year 3,0,-,-,-,-,-,-,-,-,3,-,-,-,-,-,-,-,-,-,-,-,-,-,-,-,-,-,-,-
53,A,53A,Year 5,0,-,-,-,-,-,-,-,-,-,-,-,-,-,-,-,-,1,-,-,-,-,-,-,-,-,-,-,-
53,B,53B,Permanent,0,3,-,-,-,1,-,-,-,3,3,3,3,1,-,-,-,1,-,-,-,1,-,-,-,1,-,-,-
53,C,53C,Year 1,0,3,3,3,3,-,-,-,-,-,-,-,-,-,-,-,-,-,-,-,-,1,-,-,-,-,-,-,-
53,D,53D,Year 3,0,-,-,-,-,-,-,-,-,3,-,-,-,-,-,-,-,-,-,-,-,-,-,-,-,-,-,-,-
53,E,53E,Year 4,0,-,-,-,-,-,-,-,-,-,-,-,-,1,-,-,-,-,-,-,-,-,-,-,-,-,-,-,-
53,F,53F,Year 2,0,-,-,-,-,1,-,-,-,-,-,-,-,-,-,-,-,-,-,-,-,-,-,-,-,1,-,-,-
54,A,54A,Year 1,0,2,-,-,-,-,-,-,-,-,-,-,-,-,-,-,-,-,-,-,-,1,-,-,-,-,-,-,-
54,B,54B,Year 2,0,-,-,-,-,1,-,-,-,-,-,-,-,-,-,-,-,-,-,-,-,-,-,-,-,1,-,-,-
54,C,54C,Permanent,0,3,-,-,-,1,-,-,-,3,3,-,-,1,-,-,-,1,-,-,-,1,-,-,-,1,-,-,-
54,D,54D,Year 5,0,-,-,-,-,-,-,-,-,-,-,-,-,-,-,-,-,1,-,-,-,-,-,-,-,-,-,-,-
54,E,54E,Year 4,0,-,-,-,-,-,-,-,-,-,-,-,-,1,-,-,-,-,-,-,-,-,-,-,-,-,-,-,-
54,F,54F,Year 3,0,-,-,-,-,-,-,-,-,3,-,-,-,-,-,-,-,-,-,-,-,-,-,-,-,-,-,-,-
55,A,55A,Year 4,0,-,-,-,-,-,-,-,-,-,-,-,-,1,-,-,-,-,-,-,-,-,-,-,-,-,-,-,-
55,B,55B,Permanent,0,3,-,-,-,1,-,-,-,3,3,-,-,1,-,-,-,1,-,-,-,1,-,-,-,1,-,-,-
55,C,55C,Year 2,0,-,-,-,-,1,-,-,-,-,-,-,-,-,-,-,-,-,-,-,-,-,-,-,-,1,-,-,-
55,D,55D,Year 3,0,-,-,-,-,-,-,-,-,2,3,-,-,-,-,-,-,-,-,-,-,-,-,-,-,-,-,-,-
55,E,55E,Year 1,0,3,-,-,-,-,-,-,-,-,-,-,-,-,-,-,-,-,-,-,-,1,-,-,-,-,-,-,-
55,F,55F,Year 5,0,-,-,-,-,-,-,-,-,-,-,-,-,-,-,-,-,1,-,-,-,-,-,-,-,-,-,-,-
56,A,56A,Permanent,0,3,-,-,-,1,-,-,-,3,3,-,-,1,-,-,-,1,-,-,-,1,-,-,-,1,-,-,-
56,B,56B,Year 3,0,-,-,-,-,-,-,-,-,3,3,-,-,-,-,-,-,-,-,-,-,-,-,-,-,-,-,-,-
56,C,56C,Year 1,0,3,-,-,-,-,-,-,-,-,-,-,-,-,-,-,-,-,-,-,-,1,-,-,-,-,-,-,-
56,D,56D,Year 5,0,-,-,-,-,-,-,-,-,-,-,-,-,-,-,-,-,1,-,-,-,-,-,-,-,-,-,-,-
56,E,56E,Year 4,0,-,-,-,-,-,-,-,-,-,-,-,-,1,-,-,-,-,-,-,-,-,-,-,-,-,-,-,-
56,F,56F,Year 2,0,-,-,-,-,1,-,-,-,-,-,-,-,-,-,-,-,-,-,-,-,-,-,-,-,1,-,-,-
57,A,57A,Year 4,0,-,-,-,-,-,-,-,-,-,-,-,-,1,-,-,-,-,-,-,-,-,-,-,-,-,-,-,-
57,B,57B,Year 2,0,-,-,-,-,1,-,-,-,-,-,-,-,-,-,-,-,-,-,-,-,-,-,-,-,1,-,-,-
57,C,57C,Year 5,0,-,-,-,-,-,-,-,-,-,-,-,-,-,-,-,-,1,-,-,-,-,-,-,-,-,-,-,-
57,D,57D,Year 1,0,3,-,-,-,-,-,-,-,-,-,-,-,-,-,-,-,-,-,-,-,1,-,-,-,-,-,-,-
57,E,57E,Year 3,0,-,-,-,-,-,-,-,-,2,2,-,-,-,-,-,-,-,-,-,-,-,-,-,-,-,-,-,-
57,F,57F,Permanent,0,3,-,-,-,1,-,-,-,2,-,-,-,1,-,-,-,1,-,-,-,1,-,-,-,1,-,-,-
58,A,58A,Year 1,0,1,-,-,-,-,-,-,-,-,-,-,-,-,-,-,-,-,-,-,-,1,-,-,-,-,-,-,-
58,B,58B,Year 2,0,-,-,-,-,1,-,-,-,-,-,-,-,-,-,-,-,-,-,-,-,-,-,-,-,1,-,-,-
58,C,58C,Year 3,0,-,-,-,-,-,-,-,-,1,-,-,-,-,-,-,-,-,-,-,-,-,-,-,-,-,-,-,-
58,D,58D,Year 5,0,-,-,-,-,-,-,-,-,-,-,-,-,-,-,-,-,1,-,-,-,-,-,-,-,-,-,-,-
58,E,58E,Year 4,0,-,-,-,-,-,-,-,-,-,-,-,-,1,-,-,-,-,-,-,-,-,-,-,-,-,-,-,-
58,F,58F,Permanent,0,1,-,-,-,1,-,-,-,1,-,-,-,1,-,-,-,1,-,-,-,1,-,-,-,1,-,-,-
59,A,59A,Year 3,0,-,-,-,-,-,-,-,-,1,-,-,-,-,-,-,-,-,-,-,-,-,-,-,-,-,-,-,-
59,B,59B,Year 5,0,-,-,-,-,-,-,-,-,-,-,-,-,-,-,-,-,1,-,-,-,-,-,-,-,-,-,-,-
59,C,59C,Year 4,0,-,-,-,-,-,-,-,-,-,-,-,-,1,-,-,-,-,-,-,-,-,-,-,-,-,-,-,-
59,D,59D,Year 2,0,-,-,-,-,1,-,-,-,-,-,-,-,-,-,-,-,-,-,-,-,-,-,-,-,1,-,-,-
59,E,59E,Year 1,0,1,-,-,-,-,-,-,-,-,-,-,-,-,-,-,-,-,-,-,-,1,-,-,-,-,-,-,-
59,F,59F,Permanent,0,1,-,-,-,1,-,-,-,1,-,-,-,1,-,-,-,1,-,-,-,1,-,-,-,1,-,-,-
60,A,60A,Year 4,0,-,-,-,-,-,-,-,-,-,-,-,-,1,-,-,-,-,-,-,-,-,-,-,-,-,-,-,-
60,B,60B,Permanent,0,1,-,-,-,1,-,-,-,1,-,-,-,1,-,-,-,1,-,-,-,1,-,-,-,1,-,-,-
60,C,60C,Year 2,0,-,-,-,-,1,-,-,-,-,-,-,-,-,-,-,-,-,-,-,-,-,-,-,-,1,-,-,-
60,D,60D,Year 1,0,1,-,-,-,-,-,-,-,-,-,-,-,-,-,-,-,-,-,-,-,1,-,-,-,-,-,-,-
60,E,60E,Year 3,0,-,-,-,-,-,-,-,-,1,-,-,-,-,-,-,-,-,-,-,-,-,-,-,-,-,-,-,-
60,F,60F,Year 5,0,-,-,-,-,-,-,-,-,-,-,-,-,-,-,-,-,1,-,-,-,-,-,-,-,-,-,-,-
